ID,"First Name","Last Name",Email,Phone,"Contact Address",Latitude,Longitude,"Appointment Title","Appointment Address","Appointment VML","Appointment Phone Number","Appointment Other","Appointment Notes","Setter Name","Setter Last Name","Setter Email","Setter Phone","Setter ID","Closer First Name","Closer Last Name","Closer Email","Closer Phone","Closer ID","Appointment Category","Appointment Outcome","Appt Creation Date/Time (UTC)","Appointment Date/Time (UTC)","Appointment Creation (Local Time)","Appointment Date/Time (Local Time)"
863183,Regina,Fletcher,,"+1 7132995150","8726 Wiggins St, Houston, TX, 77029",29.7639,-95.26871,"water test","8726 Wiggins St Houston TX 77029",,,,"Spoke to Regina she buys bottled water and has had a great solar experience. She’s ready to see what’s in her water as she’s on the inner city houston lines and knows they are contaminated af. She’s looking forward to meeting with adrion.",Pedro,Arriaga,pedro.arriaga@optimumhome.org,"+1 5125668320",153328,Adrion,Jones,adrion.jones@optimumhome.org,"+1 2107406000",201396,,,"2026-09-24 16:59:54","2026-09-24 17:45:00","2026-09-24 10:59:54","2026-09-24 11:45:00"
863303,Robin,Harrison,,"+1 7137054535","8666 Candy St, Houston, TX 77029, USA, Pleasantville Area, TX, 77029",29.76755258,-95.27097592,,"8666 Candy St, Houston, TX 77029, USA Pleasantville Area TX 77029",,,,"(713) 705-4535

Same day 3pm 
8666 Candy St, Houston, TX 77029
Robin harrison 
Just moved in 3 months ago, she’s a few streets down from Regina. It’s just her and her son. Looking forward to sitting down with adrion and seeing what her test looks like.",Pedro,Arriaga,pedro.arriaga@optimumhome.org,"+1 5125668320",153328,,,,,,,,"2026-09-24 18:50:19","2026-09-24 20:00:00","2026-09-24 12:50:19","2026-09-24 14:00:00"
861960,Christopher,Manley,,"+1 8325311733","24711 Stablewood Frst Ct, Huffman, TX 77336, USA, Lake Houston, TX, 77336",30.02992711,-95.11394105,"Water Test","24711 Stablewood Frst Ct, Huffman, TX 77336, USA Lake Houston TX 77336",,,,"Solo home owner. Spoke to his mom first and the mom gave me his number. Chris owns home and is the only home owner. He has a water filtration tap on fridge and orders bottled water. He said it wasn’t as bad as it is now and it’s seemly gotten worst. He works 8 hours out of town and is looking forward to seeing adrion on Thursday.",Pedro,Arriaga,pedro.arriaga@optimumhome.org,"+1 5125668320",153328,Adrion,Jones,adrion.jones@optimumhome.org,"+1 2107406000",201396,Held,"Not Held Yet - CONFIRMED","2026-09-22 23:41:00","2026-09-24 22:00:00","2026-09-22 17:41:00","2026-09-24 16:00:00"
862725,Tashima,Russell,adrion.jones@optimumhome.org,"+1 3466736780","5214 Lawn Arbor Dr, Houston, TX, 77066, Houston, TX, 77066",29.9805514,-95.50484,,"5214 Lawn Arbor Dr, Houston, TX, 77066, Houston, TX, 77066",,,,,Adrion,Jones,adrion.jones@optimumhome.org,"+1 2107406000",201396,Adrion,Jones,adrion.jones@optimumhome.org,"+1 2107406000",201396,"Not Held",Rescheduled,"2026-09-23 22:17:11","2026-09-24 23:30:00","2026-09-23 16:17:11","2026-09-24 17:30:00"
863194,Ronald,Obannon,obannonsr@att.net,"+1 3104282223",,,,"Ronald Obannon",,,,,"In-person Water Test
Appt Setter: Chelo Fernandez

Name: Ronald Obannon
Phone: 3104282223
Address: 6411 Falcon Rdg MANVEL TX 77578
Apt day/time: Sept 25, 2026 at 10am

Notes: The homeowner said he already has a water purifier in his garage. I told him we can check his water first, and then my expert can give him some options based on what he needs, because sometimes you won’t really know if the water is still okay without testing it first. He’s interested and is okay with being given some options after the inspection.",Carlos,Vivas,carlos.vivas@optimumhome.org,"+1 8327146598",153327,Carlos,Vivas,carlos.vivas@optimumhome.org,"+1 8327146598",153327,,,"2026-09-24 17:11:40","2026-09-25 15:00:00","2026-09-24 11:11:40","2026-09-25 09:00:00"
857531,Matus,,,"+1 5128260126","31969 Retama Rnch Dr, The Woodlands, TX, 77386",30.15276175,-95.3902682,,"31969 Retama Rnch Dr The Woodlands TX 77386",,,,"House 31973 

Matus has a leak on his sink and a plumber is coming. He said he hasn’t had his water tested, and he is going to be be free this week and next week. Asked me to come do the water tested on Friday at 4 PM",Carlos,Vivas,carlos.vivas@optimumhome.org,"+1 8327146598",153327,Adrion,Jones,adrion.jones@optimumhome.org,"+1 2107406000",201396,,,"2026-09-16 17:07:26","2026-09-25 15:00:00","2026-09-16 11:07:26","2026-09-25 09:00:00"
861841,Robert,Mosley,,"+1 8328013125","24718 Teton Holw Trl, Huffman, TX 77336, USA Lake Houston TX 77336, Lake Houston, TX, 77336",30.0303372,-95.1162614,,"24718 Teton Holw Trl, Huffman, TX 77336, USA Lake Houston TX 77336",,,,"Friday 3pm 
Ashley & Robert Mosley 
Moved in June 2023 
Ashley is decision maker. They have noticed the smell of the water but have just been drinking bottled water",Pedro,Arriaga,pedro.arriaga@optimumhome.org,"+1 5125668320",153328,,,,,,,,"2026-09-22 22:30:57","2026-09-25 20:00:00","2026-09-22 16:30:57","2026-09-25 14:00:00"
